{
  "camera": {
    "center": [
      -6.100421905517578,
      3.6450726985931396,
      1.8876521587371826
    ],
    "eye": [
      -7.054752349853516,
      3.9131927490234375,
      2.019430637359619
    ],
    "up": [
      0.0,
      1.0,
      0.0
    ]
  },
  "light": {
    "color": [
      1.0,
      0.0,
      0.0
    ],
    "intensity": 0.0,
    "position": [
      2.0,
      5.0,
      -3.0
    ],
    "type": 0
  },
  "models": []
}