{
    "camera": {
        "center": [
            -6.100421905517578,
            3.6450726985931396,
            1.8876521587371826
        ],
        "eye": [
            -7.054752349853516,
            3.9131927490234375,
            2.019430637359619
        ],
        "up": [
            0.0,
            1.0,
            0.0
        ]
    },
    "light": {
        "color": [
            1.0,
            0.0,
            0.0
        ],
        "intensity": 0.0,
        "position": [
            2.0,
            5.0,
            -3.0
        ],
        "type": 0
    },
    "models": [
        {
            "IOR": 1.5,
            "albedo": [
                0.8992848992347717,
                1.0,
                0.8549019694328308
            ],
            "emission": -1.0,
            "id": 0,
            "isGlass": 1,
            "isMetallic": 0,
            "path": "Models/ExampleScene/Sphere.obj",
            "position": [
                -18.75,
                21.350000381469727,
                24.350000381469727
            ],
            "rotation": [
                0.0,
                90.0,
                0.0
            ],
            "roughness": 0.0,
            "scale": [
                15.0,
                15.0,
                0.4000000059604645
            ]
        },
        {
            "IOR": 1.5,
            "albedo": [
                1.0,
                1.0,
                1.0
            ],
            "emission": -1.0,
            "id": 1,
            "isGlass": 1,
            "isMetallic": 0,
            "path": "Models/ExampleScene/Glass.obj",
            "position": [
                0.0,
                15.649999618530273,
                24.200000762939453
            ],
            "rotation": [
                0.0,
                0.0,
                0.0
            ],
            "roughness": 0.0,
            "scale": [
                3.0,
                3.0,
                3.0
            ]
        },
        {
            "IOR": 1.5,
            "albedo": [
                0.4627451002597809,
                0.2666666805744171,
                0.1568627506494522
            ],
            "emission": -1.0,
            "id": 2,
            "isGlass": 0,
            "isMetallic": 0,
            "path": "Models/ExampleScene/Cube.obj",
            "position": [
                0.0,
                -0.5,
                0.0
            ],
            "rotation": [
                0.0,
                0.0,
                0.0
            ],
            "roughness": 0.17000000178813934,
            "scale": [
                80.0,
                1.0,
                50.0
            ]
        }
    ]
}