{
    "camera": {
        "center": [
            -1.7899589538574219,
            1.9312949180603027,
            2.111564874649048
        ],
        "eye": [
            -2.4503254890441895,
            2.224912405014038,
            2.802726984024048
        ],
        "up": [
            0.0,
            1.0,
            0.0
        ]
    },
    "light": {
        "color": [
            1.0,
            0.0,
            0.0
        ],
        "intensity": 0.0,
        "position": [
            2.0,
            5.0,
            -3.0
        ],
        "type": 0
    },
    "models": [
        {
            "IOR": 1.5,
            "albedo": [
                0.04699999839067459,
                0.3409999907016754,
                0.03099999949336052
            ],
            "emission": -1.0,
            "id": 0,
            "isGlass": 0,
            "isMetallic": 0,
            "path": "Models/ExampleScene/Cube.obj",
            "position": [
                0.0,
                -0.5,
                0.0
            ],
            "rotation": [
                0.0,
                0.0,
                0.0
            ],
            "roughness": 0.4000000059604645,
            "scale": [
                150.0,
                1.0,
                150.0
            ]
        },
        {
            "IOR": 1.5,
            "albedo": [
                0.7892156839370728,
                0.7407965064048767,
                0.4449009895324707
            ],
            "emission": -1.0,
            "id": 0,
            "isGlass": 0,
            "isMetallic": 0,
            "path": "Models/ExampleScene/Human.obj",
            "position": [
                0.0,
                0.0,
                0.0
            ],
            "rotation": [
                0.0,
                180.0,
                0.0
            ],
            "roughness": 0.20000000298023224,
            "scale": [
                1.0,
                1.0,
                1.0
            ]
        }
    ]
}