{
    "camera": {
        "center": [
            -5.730287075042725,
            6.247749328613281,
            10.735878944396973
        ],
        "eye": [
            -5.934152126312256,
            6.689406871795654,
            11.609594345092773
        ],
        "up": [
            0.0,
            1.0,
            0.0
        ]
    },
    "light": {
        "color": [
            1.0,
            0.0,
            0.0
        ],
        "intensity": 0.0,
        "position": [
            2.0,
            5.0,
            -3.0
        ],
        "type": 0
    },
    "models": [
        {
            "IOR": 1.5,
            "albedo": [
                0.04699999839067459,
                0.3409999907016754,
                0.03099999949336052
            ],
            "emission": -1.0,
            "id": 0,
            "isGlass": 0,
            "isMetallic": 0,
            "path": "Models/ExampleScene/Cube.obj",
            "position": [
                0.0,
                -0.5,
                0.0
            ],
            "rotation": [
                0.0,
                0.0,
                0.0
            ],
            "roughness": 0.4000000059604645,
            "scale": [
                150.0,
                1.0,
                150.0
            ]
        }
    ]
}